{"DZA": [605, 240, 17.121808219898192], "LIE": [631, 166, 0.04021947301910623], "EGY": [702, 245, 17.971830995228625], "BGD": [901, 257, 56.47357875697694], "QAT": [770, 251, 0.1319324349221072], "NAM": [661, 439, 0.20156849332448493], "BGR": [684, 183, 7.634070902484144], "BOL": [388, 413, 3.226162130762549], "GHA": [596, 319, 7.91729335675309], "PAK": [831, 231, 28.320071624715453], "WLF": [9, 403, 0.05759335963771727], "JOR": [720, 231, 5.520878956660915], "LBR": [568, 325, 0.7088248185722384], "LBY": [657, 247, 0.6458010861902646], "VNM": [960, 295, 16.592524583594965], "PRI": [378, 279, 13.22566042052575], "MYT": [750, 399, 0.0025126838877534514], "PRK": [1019, 198, 3.995960860650436], "TZA": [716, 374, 2.372593495603671], "PRT": [572, 196, 16.393220811932473], "SPM": [412, 167, 0.00022316600318862892], "PRY": [405, 441, 3.4220853507471145], "HKG": [980, 262, 5.90560061534306], "SAU": [750, 257, 2.0111472245133473], "NLD": [617, 147, 6.511917849783988], "SVN": [649, 170, 0.9000780833048936], "BFA": [594, 302, 11.147191451717168], "CHE": [627, 167, 3.582773138450453], "MRT": [563, 268, 0.966126954841202], "CPV": [519, 287, 1.6501390200218753], "HRV": [650, 174, 5.0270787148646825], "CHL": [361, 488, 4.476073587584432], "CHN": [947, 210, 48.10711009365781], "KNA": [390, 282, 0.3104735028805359], "JAM": [342, 279, 7.843392348067551], "SMR": [641, 179, 0.05146869266131823], "GIB": [582, 209, 0.147157315584087], "DJI": [741, 304, 0.14047060089595365], "GIN": [567, 311, 4.824080306038285], "FIN": [685, 109, 3.032809452518416], "URY": [414, 476, 2.0752867869112643], "THA": [936, 288, 7.079594304043181], "SYC": [784, 368, 0.1390241545789903], "NPL": [880, 239, 8.548348955917854], "MAR": [576, 226, 21.41534028228185], "YEM": [761, 289, 4.986834445623], "PHL": [1005, 299, 28.10068291276598], "ZAF": [676, 468, 6.486551314088214], "NIC": [315, 299, 4.365953563122131], "GAB": [638, 353, 0.4776248392688189], "VIR": [383, 278, 0.5479469264958136], "SYR": [729, 214, 3.503755842506627], "MAC": [978, 263, 1.0017425958686021], "KIR": [37, 363, 0.030375372656230047], "MLT": [647, 210, 0.9352308615108652], "KAZ": [823, 163, 29.73982067537141], "COK": [67, 432, 0.18726107289783617], "TCA": [360, 265, 0.021242097340547272], "PYF": [101, 418, 0.029019845822047266], "NIU": [33, 424, 0.05447730100060197], "DMA": [395, 290, 0.3475686518550013], "BEN": [607, 313, 4.763618849989218], "GUF": [422, 334, 0.013505675896674802], "BEL": [614, 153, 3.8916514176785664], "DEU": [634, 151, 33.70840650629737], "GUM": [1082, 297, 0.7403408174669882], "LKA": [869, 319, 7.675497125001973], "FLK": [401, 551, 0.01694408542728479], "GBR": [588, 134, 34.730134857562646], "GUY": [403, 331, 3.1548068675948664], "CRI": [320, 312, 0.9153690872270772], "CMR": [641, 321, 1.40811962226757], "ROM": [683, 171, 8.744586261388388], "MNP": [1084, 282, 0.08875394600887027], "LSO": [694, 465, 0.4212630253524019], "TKL": [27, 384, 0.020159328954706145], "TKM": [798, 198, 2.1374013244654324], "TTO": [395, 308, 2.736321019171034], "PAN": [330, 316, 1.528273851465833], "COM": [746, 396, 0.39954979978290084], "BMU": [384, 224, 0.21405752409552267], "TCD": [662, 289, 2.507154330118889], "GEO": [749, 187, 8.56023461193953], "MNG": [946, 167, 0.0626683198583772], "MHL": [1170, 322, 0.09496953246804986], "MTQ": [396, 293, 0.029036376637098276], "LVA": [682, 128, 1.9418335170044643], "BLZ": [305, 283, 0.4317518275022674], "NFK": [1159, 462, 0.003049935376911262], "AFG": [825, 218, 21.578681265800874], "BDI": [699, 363, 3.213152379317405], "VGB": [313, 177, 0.0680325693424298], "BLR": [693, 141, 14.745611006613402], "GRD": [394, 302, 0.567932681892484], "GRC": [672, 198, 7.7026076616856285], "GRL": [457, 71, 0.048922947143462764], "SHN": [580, 411, 0.044327380559282106], "AND": [605, 184, 0.06332955246041758], "MOZ": [718, 422, 7.005180840091062], "TJK": [837, 198, 6.726058027954765], "HTI": [359, 276, 6.209346076497835], "PSE": [717, 225, 8.806874372500593], "ANT": [369, 302, 1.146817028756262], "LCA": [396, 295, 0.42222181262536035], "IND": [863, 269, 74.87983130633856], "STP": [622, 349, 0.187781793571943], "BTN": [901, 243, 0.11032665965043773], "VCT": [395, 299, 0.46916932737022754], "MYS": [939, 333, 6.487518366768698], "NOR": [628, 114, 1.5226368435334385], "CZE": [651, 156, 3.0398763759527223], "ATG": [393, 283, 0.5475419215270638], "FJI": [1193, 418, 1.1825401200814938], "HND": [312, 290, 3.0005578323538966], "MUS": [791, 429, 1.4452643636871885], "DOM": [366, 277, 7.5139332041009315], "LUX": [620, 156, 0.3884328266610969], "ISR": [716, 229, 7.911929107269038], "FSM": [343, 198, 0.20342821001772352], "PER": [349, 385, 6.1151782885597585], "REU": [785, 432, 0.0014133846868613165], "IDN": [979, 353, 15.15003739683635], "VUT": [1156, 409, 0.03440062612115087], "MKD": [672, 188, 2.139509003384436], "SUR": [413, 334, 2.238123580571234], "COG": [652, 350, 4.527104213646899], "ISL": [536, 97, 0.2813379413531315], "GLP": [393, 283, 0.0221595575758783], "ETH": [734, 314, 2.3548146040163105], "NER": [626, 281, 4.106031292667583], "COL": [352, 332, 13.612605473832257], "NGA": [628, 314, 8.606636609787714], "BWA": [682, 436, 0.1371479070707007], "MDA": [696, 167, 5.483420129755326], "MDG": [756, 422, 1.2443818991873203], "ECU": [339, 357, 5.806762872153073], "SCG": [670, 178, 13.898224896283601], "SEN": [551, 293, 3.963386889592422], "MDV": [844, 337, 0.008819189829713595], "ASM": [32, 405, 0.33669137555143697], "KHM": [949, 301, 2.577773972016802], "TLS": [1019, 384, 0.19011263849413532], "FRA": [607, 170, 14.83205063851513], "LTU": [679, 135, 2.6828107708509163], "RWA": [699, 357, 1.9844416927984416], "ZMB": [692, 401, 2.0454899927818198], "WSM": [26, 403, 0.8742238885651146], "FRO": [576, 109, 0.004620362806757169], "GTM": [299, 288, 5.017342064799638], "DNK": [631, 131, 1.9990301370809573], "ZWE": [697, 423, 2.387000100920626], "AUS": [1084, 464, 3.613495658222754], "CUB": [340, 266, 8.990391215789376], "VEN": [378, 325, 2.9309713663966717], "PNG": [1079, 374, 0.42158537624589654], "PLW": [1048, 320, 0.10588813580924167], "KEN": [726, 350, 3.7727039379790264], "LAO": [941, 272, 2.9072413813909472], "MEX": [258, 258, 83.818224843385], "TUR": [717, 198, 24.948653222099683], "ALB": [667, 189, 6.774890055615447], "OMN": [786, 266, 0.1478350790011784], "TUV": [1192, 377, 0.014530586429837395], "MMR": [919, 264, 2.6008096627903834], "BRN": [982, 332, 0.14916580961278467], "TUN": [631, 218, 5.022698048876165], "RUS": [951, 110, 99.99997520377742], "LBN": [719, 218, 4.771975176997503], "BRB": [401, 298, 0.880960195698401], "BRA": [426, 405, 7.899307829977592], "CAN": [245, 131, 10.776363943085396], "GNQ": [634, 343, 0.7870899624312432], "USA": [280, 205, 18.573279904637033], "AGO": [659, 393, 7.271616251675709], "SWE": [662, 116, 2.496252257592748], "MSR": [392, 284, 0.16105146563446054], "GNB": [549, 304, 1.0598566761804262], "SWZ": [704, 453, 0.0973169082052932], "TON": [16, 432, 0.4187338106495974], "CIV": [581, 320, 1.4604313864964895], "UKR": [703, 161, 48.58249500748722], "KOR": [1023, 203, 12.330202700027614], "AIA": [389, 279, 0.03495440842535969], "MWI": [714, 401, 1.244018221256198], "SVK": [665, 160, 3.9851083805694487], "CYP": [711, 213, 1.5068664459747754], "BIH": [658, 179, 10.47048600678904], "SGP": [946, 344, 2.302717740383054], "TWN": [1003, 257, 4.336834532409779], "SOM": [753, 329, 4.453459432594651], "UZB": [815, 189, 19.39151392262438], "CAF": [669, 324, 0.9056902950147112], "AZE": [758, 193, 11.331270342717684], "POL": [663, 148, 17.153646569686437], "KWT": [758, 236, 4.025104687585366], "GMB": [548, 297, 0.4273463652911733], "ERI": [732, 290, 4.699619799519234], "TGO": [602, 316, 1.7712933635307242], "CYM": [331, 274, 0.033202142029952676], "EST": [683, 122, 1.5523757798102047], "ESP": [587, 192, 11.32993961210608], "IRQ": [745, 220, 9.176891871194865], "SLV": [303, 296, 8.256596601082586], "MLI": [586, 281, 13.04855753347676], "IRL": [572, 142, 8.1549072922963],