{"DZA": [605, 240, 0.7221436868822994], "LIE": [631, 166, 0.03264635851626328], "EGY": [702, 245, 0.4884047681873233], "BGD": [901, 257, 2.852102756658282], "QAT": [770, 251, 1.1820135686084718], "NAM": [661, 439, 0.41181416481234173], "BGR": [684, 183, 0.29160557805492554], "BOL": [388, 413, 0.251111620489648], "GHA": [596, 319, 1.7717990378289208], "PAK": [831, 231, 12.249767192225784], "WLF": [9, 403, 0.005410743420843495], "JOR": [720, 231, 5.616363219914354], "LBR": [568, 325, 0.46076493533367613], "LBY": [657, 247, 1.6451864868733026], "VNM": [960, 295, 0.06210805855163523], "PRI": [378, 279, 1.0254542563076088], "MYT": [750, 399, 0.0], "PRK": [1019, 198, 0.10555858029137576], "TZA": [716, 374, 2.5770239103754524], "PRT": [572, 196, 1.88097247978673], "SPM": [412, 167, 0.0034589491025456276], "PRY": [405, 441, 0.4963678580244025], "HKG": [980, 262, 7.805704765643638], "SAU": [750, 257, 15.172059475330546], "NLD": [617, 147, 4.664026181530673], "SVN": [649, 170, 0.14723054389491586], "BFA": [594, 302, 3.2460447220175705], "CHE": [627, 167, 4.535190432904804], "MRT": [563, 268, 0.1804716799697137], "CPV": [519, 287, 0.029940986805841535], "HRV": [650, 174, 1.7326938569901247], "CHL": [361, 488, 0.5399078851248933], "CHN": [947, 210, 1.480251205168028], "KNA": [390, 282, 0.01242103425638672], "JAM": [342, 279, 0.03620924932806738], "SMR": [641, 179, 0.026721681088530708], "GIB": [582, 209, 0.023239633828372085], "DJI": [741, 304, 0.08122178397638653], "GIN": [567, 311, 2.1401135973165943], "FIN": [685, 109, 0.3795258277390799], "URY": [414, 476, 0.2556937175061254], "THA": [936, 288, 1.2571403262447303], "SYC": [784, 368, 0.013041797242235894], "NPL": [880, 239, 1.75572560739998], "MAR": [576, 226, 0.40035459136659585], "YEM": [761, 289, 0.7164326674124869], "PHL": [1005, 299, 3.7627360714717053], "ZAF": [676, 468, 2.9596824257407945], "NIC": [315, 299, 0.07911118982449933], "GAB": [638, 353, 0.7204373104886395], "VIR": [383, 278, 0.16207399743096515], "SYR": [729, 214, 2.606254628834695], "MAC": [978, 263, 0.07551076450657412], "KIR": [37, 363, 0.006987192677930233], "MLT": [647, 210, 0.025093260976814732], "KAZ": [823, 163, 8.742525616650793], "COK": [67, 432, 0.0067821965291149245], "TCA": [360, 265, 0.0077956281943849706], "PYF": [101, 418, 0.09042351251546242], "NIU": [33, 424, 0.0004013304885257448], "DMA": [395, 290, 0.010734868750638267], "BEN": [607, 313, 0.29140346917581184], "GUF": [422, 334, 0.2135280307836076], "BEL": [614, 153, 3.173660870597856], "DEU": [634, 151, 26.399008488486302], "GUM": [1082, 297, 0.21384274318108462], "LKA": [869, 319, 1.145954457304889], "FLK": [401, 551, 0.004749558659171584], "GBR": [588, 134, 14.048123336770244], "GUY": [403, 331, 0.004515689813340035], "CRI": [320, 312, 0.8559542012040665], "CMR": [641, 321, 0.43270933564299513], "ROM": [683, 171, 0.2713860283344522], "MNP": [1084, 282, 0.12816012751568892], "LSO": [694, 465, 0.015934841483263205], "TKL": [27, 384, 0.00048794857957446675], "TKM": [798, 198, 0.6424406067689671], "TTO": [395, 308, 0.12054928458220789], "PAN": [330, 316, 0.23790236160471795], "COM": [746, 396, 0.053076678924955156], "BMU": [384, 224, 0.05101516835799557], "TCD": [662, 289, 0.11810954168433555], "GEO": [749, 187, 0.6312841966418916], "MNG": [946, 167, 0.023459066325695513], "MHL": [1170, 322, 0.004636955140808245], "MTQ": [396, 293, 0.15733598785060007], "LVA": [682, 128, 1.7698761162076395], "BLZ": [305, 283, 0.09893229632614853], "NFK": [1159, 462, 0.004123021133919162], "AFG": [825, 218, 0.1041957889922092], "BDI": [699, 363, 0.22227934524923013], "VGB": [313, 177, 0.024189545560206402], "BLR": [693, 141, 3.7063938905142133], "GRD": [394, 302, 0.022927808700596686], "GRC": [672, 198, 3.2413557960221335], "GRL": [457, 71, 0.03302459084717603], "SHN": [580, 411, 0.002745793486244484], "AND": [605, 184, 0.15870744095887152], "MOZ": [718, 422, 1.0581208257117833], "TJK": [837, 198, 0.9537662368859849], "HTI": [359, 276, 0.07458106366265117], "PSE": [717, 225, 4.806255974302376], "ANT": [369, 302, 0.13075867024715057], "LCA": [396, 295, 0.023225197479863964], "IND": [863, 269, 18.105101063534455], "STP": [622, 349, 0.021103054249170278], "BTN": [901, 243, 0.027634058314243908], "VCT": [395, 299, 0.02176423901084219], "MYS": [939, 333, 5.021239189015602], "NOR": [628, 114, 0.9636724592322571], "CZE": [651, 156, 1.294874053975255], "ATG": [393, 283, 0.045777661119249524], "FJI": [1193, 418, 0.04594801003164534], "HND": [312, 290, 0.12667607088905417], "MUS": [791, 429, 0.022737248900289497], "DOM": [366, 277, 0.3931162062246243], "LUX": [620, 156, 0.4118632483972694], "ISR": [716, 229, 5.711313971321963], "FSM": [343, 198, 0.008990957850857333], "PER": [349, 385, 0.13254300292275425], "REU": [785, 432, 0.3058109449869159], "IDN": [979, 353, 1.1466040929877546], "VUT": [1156, 409, 0.0038285196243535075], "MKD": [672, 188, 0.09526546380508596], "SUR": [413, 334, 0.01793571938648868], "COG": [652, 350, 0.5686939640500852], "ISL": [536, 97, 0.052926540900470706], "GLP": [393, 283, 0.24018041739929932], "ETH": [734, 314, 1.9055027231717283], "NER": [626, 281, 0.3442202938276208], "COL": [352, 332, 0.33299170195800487], "NGA": [628, 314, 2.168680243744463], "BWA": [682, 436, 0.15020154441788702], "MDA": [696, 167, 1.3697063101019475], "MDG": [756, 422, 0.1769203382367161], "ECU": [339, 357, 0.2356762766647658], "SCG": [670, 178, 1.8074192841378571], "SEN": [551, 293, 0.8192512287570215], "MDV": [844, 337, 0.009040041435784943], "ASM": [32, 405, 0.07165048491550276], "KHM": [949, 301, 0.6082091371865121], "TLS": [1019, 384, 0.015322740306518904], "FRA": [607, 170, 18.12393472379815], "LTU": [679, 135, 0.5892599861347534], "RWA": [699, 357, 0.2569670034445416], "ZMB": [692, 401, 1.0897710761809865], "WSM": [26, 403, 0.017485305313035326], "FRO": [576, 109, 0.013368058718519414], "GTM": [299, 288, 0.12306120922262083], "DNK": [631, 131, 1.0424573875804728], "ZWE": [697, 423, 1.8930816889153415], "AUS": [1084, 464, 11.760464483161256], "CUB": [340, 266, 0.23636922139315558], "VEN": [378, 325, 2.9058925911995384], "PNG": [1079, 374, 0.06630326142809499], "PLW": [1048, 320, 0.0181897991202316], "KEN": [726, 350, 0.9454191401785896], "LAO": [941, 272, 0.046718911041978964], "MEX": [258, 258, 1.4076767939480055], "TUR": [717, 198, 3.636155280482804], "ALB": [667, 189, 0.035190043123394084], "OMN": [786, 266, 1.968312388260858], "TUV": [1192, 377, 0.0009094899560115799], "MMR": [919, 264, 0.2829755289167712], "BRN": [982, 332, 0.30063118314220233], "TUN": [631, 218, 0.1094535071188666], "RUS": [951, 110, 34.58030373326571], "LBN": [719, 218, 1.8306184961904064], "BRB": [401, 298, 0.07074099495949117], "BRA": [426, 405, 1.5758718031464138], "CAN": [245, 131, 16.50654109507268], "GNQ": [634, 343, 0.004079712088394802], "USA": [280, 205, 100.0], "AGO": [659, 393, 0.13312045686307905], "SWE": [662, 116, 3.111310281391284], "MSR": [392, 284, 0.00048217404017121855], "GNB": [549, 304, 0.05566655984731194], "SWZ": [704, 453, 0.11981014353859214], "TON": [16, 432, 0.004619631522598502], "CIV": [581, 320, 6.745712989165203], "UKR": [703, 161, 20.05820331500716], "KOR": [1023, 203, 0.4354089328140136], "AIA": [389, 279, 0.011704991370383952], "MWI": [714, 401, 0.8087069198066904], "SVK": [665, 160, 0.3437929779117805], "CYP": [711, 213, 0.14264267233903521], "BIH": [658, 179, 0.27717211681650683], "SGP": [946, 344, 1.6267541570981345], "TWN": [1003, 257, 0.9701139579365803], "SOM": [753, 329, 0.06334380998393033], "UZB": [815, 189, 3.9466262787681416], "CAF": [669, 324, 0.16960688408250235], "AZE": [758, 193, 0.42760464281052374], "POL": [663, 148, 2.238425130656894], "KWT": [758, 236, 3.198153579476733], "GMB": [548, 297, 0.5344596071979287], "ERI": [732, 290, 0.03799935654307429], "TGO": [602, 316, 0.5168790219847398], "CYM": [331, 274, 0.04316468203927975], "EST": [683, 122, 0.7283570912801943], "ESP": [587, 192, 6.271730133137492], "IRQ": [745, 220, 0.42416301732618783],